<?xml version="1.0"?>
<!--
/**
 * * Digital
 * Copyright (C) 2020 Digital <info@digital.com>
 *
 * @package Digital_Events
 * @copyright Copyright (c) 2020 Digital (http://www.digital.com/)
 * @license http://opensource.org/licenses/gpl-3.0.html GNU General Public License,version 3 (GPL-3.0)
 * @author * Digital <info@digital.com>
 */
-->
<config xmlns:xsi="http://www.w3.org/2001/XMLSchema-instance" xsi:noNamespaceSchemaLocation="urn:magento:module:Magento_Config:etc/system_file.xsd">
    <system>
       <!--  <tab id="digital" translate="label" sortOrder="110" class="digital-tab">
            <label>Digital</label>
        </tab> -->
        <section id="eventstab" translate="label" sortOrder="10" showInDefault="1" showInWebsite="1" showInStore="1">
            <label>Events</label>
            <tab>digital</tab>
            <resource>Digital_Events::Configuration</resource>
            <group id="general" translate="label" type="text" sortOrder="10" showInDefault="1" showInWebsite="1" showInStore="1">
                <label>General Configuration</label>
                <field id="enable" translate="label" type="select" sortOrder="10" showInDefault="1" showInWebsite="1" showInStore="1">
                    <label>Module Enable</label>
                    <source_model>Magento\Config\Model\Config\Source\Yesno</source_model>
                </field>
                <field id="page_title" translate="label" sortOrder="20" type="text" showInDefault="1" showInWebsite="1" showInStore="1">
                    <label>Page Title</label>
                </field>
            </group>              
        </section>
    </system>
</config>

