<?xml version="1.0" ?>
<!--
/**
 * * Digital
 * Copyright (C) 2020 Digital <info@digital.com>
 *
 * @package Digital_Events
 * @copyright Copyright (c) 2020 Digital (http://www.digital.com/)
 * @license http://opensource.org/licenses/gpl-3.0.html GNU General Public License,version 3 (GPL-3.0)
 * @author * Digital <info@digital.com>
 */
-->
<config xmlns:xsi="http://www.w3.org/2001/XMLSchema-instance" xsi:noNamespaceSchemaLocation="urn:magento:framework:Acl/etc/acl.xsd">
	<acl>
		<resources>
			<resource id="Magento_Backend::admin">
				<resource id="Digital_Events::menu" sortOrder="10" title="Events">
					<resource id="Digital_Events::Events" sortOrder="10" title="Events Management"/>					
					<resource id="Digital_Events::Configuration" sortOrder="30" title="Configuration" />
				</resource>
			</resource>
		</resources>
	</acl>
</config>
