<?xml version="1.0"?>
<schema xmlns:xsi="http://www.w3.org/2001/XMLSchema-instance"
xsi:noNamespaceSchemaLocation="urn:magento:framework:Setup/Declaration/Schema/etc/schema.xsd">
	<table name="digital_events" resource="default" comment="Create table using declarative schema">
		<column xsi:type="int" name="entity_id" padding="10" identity="true" unsigned="true" nullable="false" comment="Entity Id"/>
		<column xsi:type="varchar" name="name" nullable="false" length="255" comment="Name"/>
		<column xsi:type="varchar" name="status" nullable="true" length="255" comment="Status"/>
		<column xsi:type="varchar" name="category" nullable="false" length="255" comment="Category"/>
		<column xsi:type="varchar" name="store_ids" nullable="false" length="255" comment="Store Id"/>
		<column xsi:type="longtext" name="description" nullable="true" comment="Description"/>
		<column xsi:type="longtext" name="rsvp_description" nullable="true" comment="RSVP Description"/>
		<column xsi:type="longtext" name="share_description" nullable="true" comment="Share Description"/>
		<column xsi:type="varchar" name="image" nullable="false" length="255" comment="Image"/>
		<column xsi:type="date" name="event_date" comment="Date"/>
		<column xsi:type="varchar" name="url_key" nullable="false" length="255" comment="URL Key"/>
		<column xsi:type="varchar" name="reminder_status" nullable="false" length="255" comment="Reminder Status"/>		
		<column xsi:type="timestamp" name="created_at" comment="Created At" default="CURRENT_TIMESTAMP"/>
		<column xsi:type="timestamp" name="updated_at" comment="Updated At" default="CURRENT_TIMESTAMP" on_update="true"/>
		<constraint xsi:type="primary" referenceId="PRIMARY">
			<column name="entity_id"/>
		</constraint>
	</table>
</schema>