{
    "digital_events": {
        "column": {
            "entity_id": true,
            "name": true,
            "status": true,
            "category": true,
            "store_ids": true,
            "description": true,
            "rsvp_description": true,
            "share_description": true,
            "image": true,
            "event_date": true,
            "url_key": true,
            "reminder_status": true,
            "updated_at": true,
            "created_at": true
        },
        "constraint": {
            "PRIMARY": true
        }
    }
}