<?xml version="1.0"?>
<config xmlns:xsi="http://www.w3.org/2001/XMLSchema-instance" xsi:noNamespaceSchemaLocation="urn:magento:framework:ObjectManager/etc/config.xsd">
                  <!-- EventsGridDataProvider -->
    <virtualType name="EventsGridDataProvider" type="Magento\Framework\View\Element\UiComponent\DataProvider\DataProvider">
        <arguments>
            <argument name="collection" xsi:type="object" shared="false">Digital\Events\Model\ResourceModel\Event\Collection</argument>
            <argument name="filterPool" xsi:type="object" shared="false">EventsGridFilterPool</argument>
        </arguments>
    </virtualType>

    <virtualType name="EventsGridFilterPool" type="Magento\Framework\View\Element\UiComponent\DataProvider\FilterPool">
        <arguments>
            <argument name="appliers" xsi:type="array">
                <item name="regular" xsi:type="object">Magento\Framework\View\Element\UiComponent\DataProvider\RegularFilter</item>
                <item name="fulltext" xsi:type="object">Magento\Framework\View\Element\UiComponent\DataProvider\FulltextFilter</item>
            </argument>
        </arguments>
    </virtualType>

    <type name="Magento\Framework\View\Element\UiComponent\DataProvider\CollectionFactory">
        <arguments>
            <argument name="collections" xsi:type="array">
                <item name="events_test_listing_data_source" xsi:type="string">Digital\Events\Model\ResourceModel\Event\Grid\Collection</item>
            </argument>
        </arguments>
    </type>

    <virtualType name="Digital\Events\Model\ResourceModel\Event\Grid\Collection" type="Magento\Framework\View\Element\UiComponent\DataProvider\SearchResult">
        <arguments>
            <argument name="mainTable" xsi:type="string">digital_events</argument>
            <argument name="resourceModel" xsi:type="string">Digital\Events\Model\ResourceModel\Event</argument>
        </arguments>
    </virtualType>
<!--
    <type name="Magento\Framework\App\RouterList">
        <arguments>
            <argument name="routerList" xsi:type="array">
                <item name="dynamicrouter" xsi:type="array">
                    <item name="class" xsi:type="string">Digital\Events\Controller\DynamicRouter</item>
                    <item name="disable" xsi:type="boolean">false</item>
                    <item name="sortOrder" xsi:type="string">22</item>
                </item>
            </argument>
        </arguments>
    </type>
-->
    
</config>